INSERT INTO user (id, username, password, email, name, surname) VALUES (1,'admin','{noop}password','adminemail@ticket.pl', 'Giovanni', 'Pdor'),(2,'operatorGialberto','{noop}password','gialberto@ticket.pl', 'Gialberto', 'Gialberti'),(3,'operatorAjeje','{noop}password','ajeje@ticket.pl', 'Ajeje', 'Brazov'),(4,'operatorFrank','{noop}password','frank@ticket.pl', 'Frank', 'Contropelo')
INSERT INTO operators( id, inactive, user_id) VALUES (1, 0, 2), (2, 1, 3), (3, 0, 4)
INSERT INTO tickets( id, ticket_header, ticket_body, created_at, updated_at, ticket_status, operator_id) VALUES(1, 'Intestazione di prova 1', 'Testo ticket di prova 1', '2024-09-26 20:00:00', '2024-09-26 20:00:00','OPEN', 1), (2, 'Intestazione di prova 2', 'Testo ticket di prova 2', '2024-09-26 20:00:00', '2024-09-26 20:00:00','OPEN', 1), (3, 'Intestazione di prova 3', 'Testo ticket di prova 3', '2024-09-26 20:00:00', '2024-09-26 20:00:00', 'OPEN', 1)
INSERT INTO categories( id, name, description) VALUES( 1, 'Technical assistance', 'Lorem ipsum odor amet, consectetuer adipiscing elit. Quam dis vel, ullamcorper elementum quisque egestas. Feugiat nullam eleifend id risus quisque praesent. Adipiscing orci commodo feugiat efficitur vulputate erat penatibus magnis porttitor.'),( 2, 'Administration', 'Lorem ipsum odor amet, consectetuer adipiscing elit. Quam dis vel, ullamcorper elementum quisque egestas. Feugiat nullam eleifend id risus quisque praesent. Adipiscing orci commodo feugiat efficitur vulputate erat penatibus magnis porttitor.'),( 3, 'Front-end', 'Lorem ipsum odor amet, consectetuer adipiscing elit. Quam dis vel, ullamcorper elementum quisque egestas. Feugiat nullam eleifend id risus quisque praesent. Adipiscing orci commodo feugiat efficitur vulputate erat penatibus magnis porttitor.'),( 4, 'Back-end', 'Lorem ipsum odor amet, consectetuer adipiscing elit. Quam dis vel, ullamcorper elementum quisque egestas. Feugiat nullam eleifend id risus quisque praesent. Adipiscing orci commodo feugiat efficitur vulputate erat penatibus magnis porttitor.'),( 5, 'Full-stack', 'Lorem ipsum odor amet, consectetuer adipiscing elit. Quam dis vel, ullamcorper elementum quisque egestas. Feugiat nullam eleifend id risus quisque praesent. Adipiscing orci commodo feugiat efficitur vulputate erat penatibus magnis porttitor.')
INSERT INTO category_ticket( ticket_id, category_id) VALUES (1,1), (1,2), (2,5), (3,3), (3,4), (3,5)
INSERT INTO role (id, name) VALUES (1,'ADMIN'), (2,'OPERATOR')
INSERT INTO user_roles (user_id, roles_id) VALUES (1,1), (2,2), (3,2), (4,2)
